{
  "walkforward_summary": {
    "step_1_close_mae": 3.9107519388198853,
    "baseline_step_1_close_mae": 0.2002863883972168,
    "horizon_close_mae": 6.126891851425171,
    "baseline_horizon_close_mae": 1.3533568680286407,
    "path_close_mae": 5.7792980670928955,
    "baseline_path_close_mae": 0.8765647709369659,
    "directional_accuracy": 0.48177083333333337,
    "baseline_directional_accuracy": 0.0,
    "slice_count": 2,
    "val_windows_used": 384
  },
  "rolling_summary": {
    "rolling_predictions": 334,
    "directional_hit_rate": 0.45209580838323354,
    "step_1_close_mae": 3.733168641964119,
    "step_5_close_mae": 6.291452373573166,
    "step_10_close_mae": 10.454611772548652,
    "step_15_close_mae": 9.585920687921034
  },
  "backtest_date": "2026-04-17"
}