{
  "walkforward_summary": {
    "step_1_close_mae": 4.817209243774414,
    "baseline_step_1_close_mae": 4.329074859619141,
    "step_1_ohlc_mae": 3.976300358772278,
    "baseline_step_1_ohlc_mae": 4.060133576393127,
    "step_1_range_mae": 3.170571804046631,
    "baseline_step_1_range_mae": 7.46617317199707,
    "horizon_close_mae": 14.419902801513672,
    "baseline_horizon_close_mae": 12.853854656219482,
    "horizon_ohlc_mae": 14.262231349945068,
    "baseline_horizon_ohlc_mae": 12.653450012207031,
    "path_close_mae": 10.382002353668213,
    "baseline_path_close_mae": 9.175710201263428,
    "path_ohlc_mae": 9.871871948242188,
    "baseline_path_ohlc_mae": 8.943629264831543,
    "path_range_mae": 3.209346294403076,
    "baseline_path_range_mae": 7.48225474357605,
    "directional_accuracy": 0.5078125,
    "baseline_directional_accuracy": 0.0026041666666666665,
    "slice_count": 2,
    "val_windows_used": 384
  },
  "rolling_summary": {
    "rolling_predictions": 60,
    "directional_hit_rate": 0.4666666666666667,
    "path_close_mae": 22.275347443421683,
    "path_ohlc_mae": 20.43822261492411,
    "path_range_mae": 4.707329515616099,
    "step_1_ohlc_mae": 6.209908294677734,
    "step_1_range_mae": 5.880128987630209,
    "step_1_close_mae": 8.041041564941406,
    "step_3_close_mae": 19.28031209309896,
    "step_5_close_mae": 27.074242655436198,
    "step_7_close_mae": 33.920263671875
  },
  "backtest_date": "2026-01-21"
}