expert,weight,reliability_score
v8_5,0.34160604971048025,0.10739644865387094
v9_5,0.3355764263535702,0.10550081438216705
v9_2,0.3228175239359496,0.1014895832885284
