{
  "v8_5": 0.34160604971048025,
  "v9_5": 0.3355764263535702,
  "v9_2": 0.3228175239359496
}