{
  "experts": [
    "v8_5",
    "v9_1",
    "v9_2",
    "v9_5"
  ],
  "weights": {
    "v9_5": 0.30900305968164365,
    "v9_1": 0.27129363142680357,
    "v8_5": 0.2178821878899141,
    "v9_2": 0.2018211210016388
  },
  "backtest_date": "2026-04-17",
  "aggregation_rule": "reliability_weighted_average"
}