expert,weight,reliability_score
v9_5,0.30900305968164365,0.2845276742318616
v9_1,0.27129363142680357,0.24980511863963853
v8_5,0.2178821878899141,0.2006242664416875
v9_2,0.2018211210016388,0.1858353578395802
