{
  "walkforward_summary": {
    "step_1_close_mae": 4.975603818893433,
    "baseline_step_1_close_mae": 4.323202610015869,
    "step_1_ohlc_mae": 4.03178608417511,
    "baseline_step_1_ohlc_mae": 4.068946003913879,
    "step_1_range_mae": 3.828657388687134,
    "baseline_step_1_range_mae": 7.47461199760437,
    "horizon_close_mae": 15.5388765335083,
    "baseline_horizon_close_mae": 14.206333637237549,
    "horizon_ohlc_mae": 14.945687770843506,
    "baseline_horizon_ohlc_mae": 13.969679355621338,
    "path_close_mae": 10.708788394927979,
    "baseline_path_close_mae": 9.770647048950195,
    "path_ohlc_mae": 10.118937492370605,
    "baseline_path_ohlc_mae": 9.475822448730469,
    "path_range_mae": 3.873255133628845,
    "baseline_path_range_mae": 7.490764617919922,
    "directional_accuracy": 0.4739583333333333,
    "baseline_directional_accuracy": 0.005208333333333333,
    "slice_count": 2,
    "val_windows_used": 192
  },
  "rolling_summary": {
    "rolling_predictions": 60,
    "directional_hit_rate": 0.5333333333333333,
    "path_close_mae": 15.468580909570058,
    "path_ohlc_mae": 14.578656375408173,
    "path_range_mae": 4.656957950194677,
    "step_1_ohlc_mae": 5.670879236857096,
    "step_1_range_mae": 5.075377400716146,
    "step_1_close_mae": 7.107834879557291,
    "step_3_close_mae": 14.530156453450521,
    "step_5_close_mae": 18.176476542154948,
    "step_7_close_mae": 20.573189290364585
  },
  "backtest_date": "2026-01-21"
}